{
  "project_info": {
    "project_number": "373514577470",
    "project_id": "crud-mahasiswa-himatif-untidar",
    "storage_bucket": "crud-mahasiswa-himatif-untidar.firebasestorage.app"
  },
  "client": [
    {
      "client_info": {
        "mobilesdk_app_id": "1:373514577470:android:4ae79c83ac443bf85dd36f",
        "android_client_info": {
          "package_name": "com.example.crudmahasiswahimatifuntidar"
        }
      },
      "oauth_client": [],
      "api_key": [
        {
          "current_key": "AIzaSyBgmhTlshF8aB1SitzROfXt8B7e0xyWogE"
        }
      ],
      "services": {
        "appinvite_service": {
          "other_platform_oauth_client": []
        }
      }
    }
  ],
  "configuration_version": "1"
}